Corsair 4000D Airflow,89.99,ATX Mid Tower,Black,Tinted Tempered Glass
NZXT H5 Flow,94.99,ATX Mid Tower,Black,Tempered Glass
NZXT H9 Flow,154.99,ATX Mid Tower,White,Tempered Glass
NZXT H9 Flow,159.99,ATX Mid Tower,Black,Tempered Glass
NZXT H5 Flow,85.99,ATX Mid Tower,White,Tempered Glass
Montech AIR 903 MAX,75,ATX Mid Tower,Black,Tempered Glass
Lian Li O11 Dynamic EVO,226.09,ATX Mid Tower,White / Gray,Tempered Glass
Cooler Master MasterBox Q300L,39.99,MicroATX Mini Tower,Black,Acrylic
NZXT H6 Flow,109.99,ATX Mid Tower,White,Tempered Glass
Montech X3 Mesh,59.9,ATX Mid Tower,Black,Tempered Glass
Lian Li O11 Dynamic EVO,159,ATX Mid Tower,Black,Tinted Tempered Glass
Montech AIR 100 ARGB,64.99,MicroATX Mid Tower,Black,Tempered Glass
NZXT H6 Flow,106.98,ATX Mid Tower,Black,Tempered Glass
Fractal Design North,139.99,ATX Mid Tower,Black,Tempered Glass
Silverstone ALTA F2,965.65,ATX Full Tower,Black,Tempered Glass
Asus Prime AP201,64.99,MicroATX Mini Tower,Black,Mesh
Lian Li LANCOOL 216,104.99,ATX Mid Tower,Black,Tempered Glass
Deepcool CH370,63.39,MicroATX Mid Tower,Black,Tempered Glass
Corsair iCUE 4000X RGB,124.99,ATX Mid Tower,Black,Tempered Glass
NZXT H7 Flow,127.86,ATX Mid Tower,Black,Tempered Glass
NZXT H6 Flow RGB,123.99,ATX Mid Tower,White,Tempered Glass
Corsair 4000D Airflow,89.99,ATX Mid Tower,White,Tinted Tempered Glass
Lian Li O11 Dynamic Mini Snow Edition,127.9,ATX Mid Tower,White,Tempered Glass
Montech AIR 903 BASE,65,ATX Mid Tower,Black,Tempered Glass
Corsair 3000D AIRFLOW,74.98,ATX Mid Tower,Black,Tempered Glass
Corsair 5000D AIRFLOW,149.99,ATX Mid Tower,Black,Tempered Glass
Fractal Design Pop Air,79.99,ATX Mid Tower,Black,Tempered Glass
Lian Li PC-O11 Dynamic,119.99,ATX Full Tower,White,Tempered Glass
Fractal Design Terra,189.96,Mini ITX Desktop,Black / Brown,Mesh
Fractal Design Pop Air RGB,89.99,ATX Mid Tower,Black,Tempered Glass
Cooler Master MasterBox NR200P,109.99,Mini ITX Desktop,Black,Tempered Glass
NZXT H6 Flow RGB,134.99,ATX Mid Tower,Black,Tempered Glass
Lian Li O11 Dynamic EVO XL,234.99,ATX Full Tower,Black,Tempered Glass
Fractal Design Pop Mini Air,89.99,MicroATX Mid Tower,Black,Tempered Glass
NZXT H5 Flow RGB,119.99,ATX Mid Tower,Black,Tempered Glass
Montech AIR 903 MAX,79,ATX Mid Tower,White,Tempered Glass
Lian Li O11 Vision,132.99,ATX Mid Tower,White,Tempered Glass
Phanteks NV5,99.99,ATX Mid Tower,Black,Tempered Glass
HYTE Y60,179.99,ATX Mid Tower,Black,Tempered Glass
NZXT H5 Flow RGB,113.99,ATX Mid Tower,White,Tempered Glass
Montech AIR 100 ARGB,69.9,MicroATX Mid Tower,White,Tempered Glass
Lian Li O11 Dynamic Mini,119.99,ATX Mid Tower,Black,Tempered Glass
NZXT H9 Elite,239.99,ATX Mid Tower,White,Tempered Glass
Fractal Design Terra,159.99,Mini ITX Desktop,Green / Brown,Mesh
Fractal Design Pop XL Air,109.99,ATX Full Tower,Black,Tempered Glass
Fractal Design Focus G,46.98,ATX Mid Tower,Black,Acrylic
Thermaltake Versa H18,49.99,MicroATX Mini Tower,Black,Tempered Glass
Corsair 7000D AIRFLOW,229.99,ATX Full Tower,Black,Tempered Glass
Fractal Design North,139.99,ATX Mid Tower,White,Tempered Glass
Fractal Design Meshify C,99.99,ATX Mid Tower,Black,Tinted Tempered Glass
Montech KING 95 PRO,149,ATX Mid Tower,Black,Tempered Glass
Deepcool MATREXX 40,44.98,MicroATX Mini Tower,Black,Tempered Glass
HYTE Y60 Snow White,192.99,ATX Mid Tower,White,Tempered Glass
be quiet! Pure Base 500DX,94.9,ATX Mid Tower,Black,Tempered Glass
NZXT H9 Elite,239.99,ATX Mid Tower,Black,Tempered Glass
Lian Li LANCOOL 216,94.99,ATX Mid Tower,Black,Tempered Glass
Lian Li O11 Dynamic EVO XL,234.99,ATX Full Tower,White,Tempered Glass
Lian Li O11 Vision,132.99,ATX Mid Tower,Black,Tempered Glass
Corsair iCUE 4000D RGB AIRFLOW,129.99,ATX Mid Tower,Black,Tempered Glass
MSI MAG FORGE 112R,79.99,ATX Mid Tower,Black,Tempered Glass
Phanteks Eclipse G360A,59.99,ATX Mid Tower,White,Tempered Glass
Deepcool CC360 ARGB,58.98,MicroATX Mini Tower,Black,Tinted Tempered Glass
Fractal Design Pop Mini Air,89.99,MicroATX Mid Tower,White,Tempered Glass
Montech X3 Mesh,64.98,ATX Mid Tower,White,Tempered Glass
Lian Li O11 Air Mini,99.99,ATX Mid Tower,Black,Tempered Glass
Lian Li LANCOOL 216,99.99,ATX Mid Tower,White,Tempered Glass
Lian Li A4-H20 X4,154.99,Mini ITX Desktop,Black,Mesh
Zalman S2,54.99,ATX Mid Tower,Black,Acrylic
Cooler Master MasterBox NR200P,90.99,Mini ITX Desktop,White / Black,Tempered Glass
Lian Li O11D EVO RGB,159.99,ATX Mid Tower,Black,Tempered Glass
Phanteks NV5,109.99,ATX Mid Tower,White,Tempered Glass
HYTE Y60,199,ATX Mid Tower,White / Black,Tempered Glass
NZXT H510i,89.99,ATX Mid Tower,White,Tempered Glass
Asus ROG Strix Helios,289.99,ATX Full Tower,Black,Tempered Glass
Fractal Design Terra,159.99,Mini ITX Desktop,Silver / Brown,Mesh
DIYPC F2,46.49,MicroATX Mini Tower,Black / Purple,Acrylic
Corsair iCUE 7000X RGB,289.99,ATX Full Tower,Black,Tempered Glass
Fractal Design North,139.99,ATX Mid Tower,Black,Mesh
NZXT H5 Elite,139.99,ATX Mid Tower,Black,Tempered Glass
Montech KING 95 PRO,197.17,ATX Mid Tower,White,Tempered Glass
Asus Prime AP201,74.98,MicroATX Mini Tower,White,Mesh
Deepcool CH370,63.98,MicroATX Mid Tower,White,Tempered Glass
SAMA Sama-S88-BK,38.98,ATX Mid Tower,Black / Red,Tempered Glass
Montech SKY TWO,79.99,ATX Mid Tower,Black,Tempered Glass
NZXT H7 Flow,106.69,ATX Mid Tower,White,Tempered Glass
Cooler Master Cosmos Infinity 30th Anniversary,949.99,ATX Full Tower,Black / Silver,Tempered Glass
Fractal Design Ridge PCIe 4.0,129.99,Mini ITX Tower,Black,Mesh
Asus Prime AP201,74.98,MicroATX Mini Tower,Black,Tempered Glass
Deepcool CC560 V2,61.98,ATX Mid Tower,Black,Tempered Glass
Corsair Obsidian Series 1000D,514.99,ATX Full Tower,Black,Tempered Glass
Lian Li LANCOOL 205M MESH,89.99,MicroATX Mini Tower,Black,Tempered Glass
HYTE Y40,149,ATX Mid Tower,Black,Tempered Glass
Deepcool MATREXX 40 3FS,64.99,MicroATX Mini Tower,Black,Tempered Glass
Corsair 2000D AIRFLOW,104.99,Mini ITX Tower,Black,Mesh
Lian Li O11D EVO RGB,169.99,ATX Mid Tower,White,Tempered Glass
Fractal Design Meshify C,99.99,ATX Mid Tower,Black,Tempered Glass
NZXT H510,98.98,ATX Mid Tower,Black,Tempered Glass
Fractal Design North,139.99,ATX Mid Tower,White,Mesh
Cooler Master MasterBox TD500 Mesh V2,99.99,ATX Mid Tower,,Tempered Glass
Phanteks Enthoo Pro,119.98,ATX Full Tower,Black,Acrylic
Corsair iCUE 5000D RGB AIRFLOW,184.99,ATX Mid Tower,Black,Tempered Glass
Deepcool MACUBE 110,60.92,MicroATX Mini Tower,Black,Tempered Glass
Corsair iCUE 4000X RGB,144.99,ATX Mid Tower,White,Tempered Glass
Lian Li PC-O11 Dynamic,309.39,ATX Full Tower,Black,Tempered Glass
NZXT H7 Flow RGB,134.99,ATX Mid Tower,Black,Tempered Glass
NZXT H5 Elite,139.99,ATX Mid Tower,White,Tempered Glass
Fractal Design Torrent,189.99,ATX Mid Tower,Black,Tinted Tempered Glass
Thermaltake Versa H17,44.99,MicroATX Mini Tower,Black,
Corsair 3000D RGB AIRFLOW,99.99,ATX Mid Tower,Black,Tempered Glass
Lian Li A4-H20 A4,154.99,Mini ITX Desktop,Silver / Black,Mesh
Cooler Master MasterBox NR200,93.99,Mini ITX Desktop,White / Black,
Cooler Master Q300L V2,59.98,MicroATX Mini Tower,Black,Tempered Glass
Fractal Design Focus 2,69.99,ATX Mid Tower,Black,
Lian Li LANCOOL III RGB,164.99,ATX Mid Tower,Black,Tempered Glass
MSI MAG FORGE 100R,147.47,ATX Mid Tower,Black,Tempered Glass
Thermaltake Core V1,55.83,Mini ITX Desktop,Black,
BitFenix Nova Mesh M ARGB,57.9,MicroATX Mini Tower,Black,Tempered Glass
Fractal Design Define R5,124.99,ATX Mid Tower,Black,
MSI MPG GUNGNIR 110R,84.98,ATX Mid Tower,Black,Tempered Glass
MUSETEX K2,109.99,ATX Mid Tower,Black,Tempered Glass
Fractal Design Pop Air,61.98,ATX Mid Tower,White,Tempered Glass
Deepcool CH560,109.99,ATX Mid Tower,Black,Tempered Glass
NZXT H510,99.98,ATX Mid Tower,White,Tempered Glass
Asus Prime AP201,74.98,MicroATX Mini Tower,White,Tempered Glass
Asus TUF Gaming GT502,144.99,ATX Mid Tower,Black,Tempered Glass
Antec NX200M,59.99,MicroATX Mid Tower,Black,Tempered Glass
Cooler Master MasterBox Q300L,43.98,MicroATX Mini Tower,White,Acrylic
Fractal Design Ridge PCIe 4.0,129.99,Mini ITX Tower,White,Mesh
GAMDIAS APOLLO E2 ELITE,59.99,ATX Mid Tower,Black,Tempered Glass
Deepcool MACUBE 110,86.64,MicroATX Mini Tower,White,Tempered Glass
Montech SKY TWO,89.99,ATX Mid Tower,White,Tempered Glass
Thermaltake Versa H15,69.08,MicroATX Mid Tower,Black,
Corsair iCUE 5000X RGB,184.99,ATX Mid Tower,Black,Tempered Glass
KOLINK KLM-002,52.75,MicroATX Mini Tower,Black,
be quiet! Pure Base 500 FX,119.9,ATX Mid Tower,Black,Tempered Glass
DIYPC S3-BK-ARGB,54.97,ATX Mid Tower,Black,Tempered Glass
Lian Li LANCOOL 215,129,ATX Mid Tower,Black,Tempered Glass
Thermaltake S100,74.2,MicroATX Mini Tower,Black,Tempered Glass
Fractal Design Pop Air,59.99,ATX Mid Tower,White,Tempered Glass
BitFenix Nova Mesh M ARGB,57.9,MicroATX Mini Tower,White,Tempered Glass
NZXT H7 Elite,176.99,ATX Mid Tower,,Tempered Glass
NZXT H7 Flow,99.99,ATX Mid Tower,White / Black,Tempered Glass
Fractal Design Meshify 2 XL,199.99,ATX Full Tower,Black,Tinted Tempered Glass
Fractal Design Pop Air,79.99,ATX Mid Tower,Black,
Cooler Master MasterBox TD500 Mesh White w/ Controller,96.99,ATX Mid Tower,White,Tempered Glass
Cooler Master HAF 700 EVO,499.99,ATX Full Tower,Gray / Black,Tempered Glass
Lian Li LANCOOL III,144.99,ATX Mid Tower,Black,Tempered Glass
Fractal Design Node 804,136.98,MicroATX Mid Tower,Black,Acrylic
Montech AIR 903 BASE,64.98,ATX Mid Tower,White,Tempered Glass
HYTE Y40,142.99,ATX Mid Tower,White,Tempered Glass
Lian Li O11 Air Mini,119.99,ATX Mid Tower,White,Tempered Glass
Deepcool MATREXX 50 ADD-RGB 4F,108.82,ATX Mid Tower,Black,Tempered Glass
be quiet! Pure Base 500,79.9,ATX Mid Tower,Black,
Antec NX410,68.99,ATX Mid Tower,Black,Tempered Glass
Corsair iCUE 4000D RGB AIRFLOW,129.99,ATX Mid Tower,White,Tempered Glass
Aerocool Trinity Mini V2,71.09,MicroATX Mini Tower,Black,Tempered Glass
NZXT H510 Elite,169.99,ATX Mid Tower,White / Black,Tempered Glass
Antec AX61 ELITE,68.99,ATX Mid Tower,Black,Tempered Glass
Fractal Design Pop XL Air,109.99,ATX Full Tower,White,Tempered Glass
NZXT H7 Elite,180.42,ATX Mid Tower,,Tempered Glass
Deepcool CH560 DIGITAL,124.99,ATX Mid Tower,Black,Tempered Glass
NZXT H7 Flow RGB,134.99,ATX Mid Tower,White,Tempered Glass
Cooler Master Elite 500 ODD,137.69,ATX Mid Tower,Black,
Lian Li Lancool II Mesh C Performance,94.99,ATX Mid Tower,Black,Tempered Glass
In Win Chopin MAX,129,Mini ITX Desktop,Gray,Mesh
Lian Li LANCOOL 205 Mesh C,124.99,ATX Mid Tower,Pink,Tempered Glass
Phanteks NV7,199.99,ATX Full Tower,Black,Tempered Glass
Thermaltake S200 TG ARGB,79.99,ATX Mid Tower,Black,Tempered Glass
Cougar MX330-X,47.99,ATX Mid Tower,Black,
Deepcool CC360 ARGB,65.67,MicroATX Mini Tower,White,Tinted Tempered Glass
Corsair iCUE 5000D RGB AIRFLOW,184.99,ATX Mid Tower,White,Tempered Glass
Lian Li PC-O11 Dynamic Razer,219,ATX Full Tower,Black,Tempered Glass
Antec DF700 FLUX,79.98,ATX Mid Tower,Black,Tempered Glass
Thermaltake Core V21,69.98,MicroATX Mini Tower,Black,Acrylic
Fractal Design Meshify C,99.99,ATX Mid Tower,White / Black,Tempered Glass
Phanteks ECLIPSE G500A DRGB,129.99,ATX Mid Tower,Black,Tempered Glass
Fractal Design Meshify 2,159.99,ATX Mid Tower,Black,Tinted Tempered Glass
Apevia PRISM,79.98,MicroATX Mid Tower,Black,Tempered Glass
Deepcool CG560,72.98,ATX Mid Tower,Black,Tempered Glass
Fractal Design Pop Mini Silent,79.99,MicroATX Mid Tower,Black,
Zalman T6,49.99,ATX Mid Tower,Black,
Thermaltake The Tower 200,134.98,Mini ITX Tower,Black,Tempered Glass
HYTE Y40,149.99,ATX Mid Tower,White / Black,Tempered Glass
Zalman S3,54.99,ATX Mid Tower,Black,Acrylic
Phanteks NV7,199.99,ATX Full Tower,White,Tempered Glass
Fractal Design Meshify 2 Mini,109.99,MicroATX Mid Tower,Black,Tinted Tempered Glass
Asus TUF Gaming GT501,134.99,ATX Mid Tower,Black / Gray,Tempered Glass
Fractal Design Focus 2,69.98,ATX Mid Tower,Black,Tempered Glass
Jonsbo N3,156,Mini ITX Desktop,Black,
Cooler Master N200,59.99,MicroATX Mini Tower,Black,
Asus ProArt PA602,269.99,ATX Mid Tower,Black,Tempered Glass
Fractal Design Define 7,179.99,ATX Mid Tower,Black,
DIYPC F2,44.99,MicroATX Mini Tower,Black / Orange,Acrylic
Antec NX100,41.4,ATX Mid Tower,Black / Gray,Acrylic
be quiet! Dark Base Pro 901,319.9,ATX Full Tower,Black,Tempered Glass
Fractal Design Define 7 XL,224.99,ATX Full Tower,Black,
Corsair iCUE 7000X RGB,299.99,ATX Full Tower,White,Tempered Glass
Apevia PRISM,79.98,MicroATX Mid Tower,White,Tempered Glass
be quiet! Shadow Base 800 FX,169.99,ATX Mid Tower,Black,Tempered Glass
Fractal Design Torrent RGB,229.99,ATX Mid Tower,Black,Tinted Tempered Glass
Lian Li LANCOOL 205M MESH,95.99,MicroATX Mini Tower,White,Tempered Glass
Deepcool CC560 ARGB,233,ATX Mid Tower,Black,Tempered Glass
Thermaltake Versa H18,144.03,MicroATX Mini Tower,Black,Acrylic
MSI MPG VELOX 100R,119.99,ATX Mid Tower,Black,Tempered Glass
MSI MAG FORGE 100M,274.89,ATX Mid Tower,Black,Tempered Glass
DIYPC ARGB-Q8-BK,44.84,MicroATX Mid Tower,Black,Tempered Glass
Corsair iCUE 220T RGB Airflow,129.99,ATX Mid Tower,Black,Tempered Glass
Asus TUF Gaming GT301,84.99,ATX Mid Tower,Black,Tempered Glass
Cooler Master QUBE 500 Flatpack,81.99,ATX Mid Tower,Black,Tempered Glass
Antec Performance 1 FT,134.99,ATX Full Tower,Black,Tempered Glass
Phanteks Enthoo Pro 2,139.99,ATX Full Tower,Black,Tempered Glass
Thermaltake S100 Snow Edition,74.94,MicroATX Mini Tower,White / Black,Tempered Glass
Phanteks EVOLV SHIFT XT,119.98,Mini ITX Desktop,Silver / Black,Tempered Glass
Corsair 4000D Airflow,175.93,ATX Mid Tower,Black,Tempered Glass
Deepcool CC560 V2,68.98,ATX Mid Tower,White,Tempered Glass
Fractal Design Torrent,189.99,ATX Mid Tower,Black,
ZZEW A1 Plus,109.99,Mini ITX Tower,Silver,Mesh
Corsair 3000D AIRFLOW,79.98,ATX Mid Tower,White,Tempered Glass
Lian Li LANCOOL 205 Mesh C,105.99,ATX Mid Tower,Black,Tempered Glass
Fractal Design Meshify 2 Compact TG Light Tint,124.99,ATX Mid Tower,Black,Tempered Glass
Thermaltake Core V1,39.99,Mini ITX Desktop,White,Acrylic
Montech AIR 1000 PREMIUM,69.98,ATX Mid Tower,Black,Tempered Glass
Lian Li Lancool II Mesh C RGB,118.06,ATX Mid Tower,White,Tempered Glass
MUSETEX NN8,89.99,ATX Mid Tower,Black,Tempered Glass
Jonsbo D31 MESH,84.99,MicroATX Mini Tower,Black,Tempered Glass
Antec NX410,69.98,ATX Mid Tower,White,Tempered Glass
DIYPC MA08,45.93,MicroATX Mini Tower,Black,
Zalman P30,94.99,MicroATX Mini Tower,Black,Tempered Glass
Phanteks NV9,256.98,ATX Full Tower,Black,Tempered Glass
Corsair iCUE 5000T RGB,349.99,ATX Mid Tower,Black,Tempered Glass
HYTE REVOLT 3,189.99,Mini ITX Tower,Black,Mesh
Fractal Design Core 1000 USB 3.0,50.98,MicroATX Mid Tower,Black,
GAMDIAS ARGUS M1,49.99,ATX Mid Tower,Black,Tempered Glass
Montech KING 95,104.99,ATX Mid Tower,Black,Tempered Glass
Fractal Design Meshify 2,149.99,ATX Mid Tower,Black,
Zalman P30,99.99,MicroATX Mini Tower,White,Tempered Glass
SSUPD Meshroom S w/PCIe 4.0 RIser,280.2,ATX Mini Tower,Black,Mesh
Jonsbo C6,60,MicroATX Mini Tower,Black,Mesh
MSI MAG PANO M100R PZ,109.99,MicroATX Mid Tower,White,Tempered Glass
Lian Li Lancool II Mesh,199.95,ATX Mid Tower,Black,Tempered Glass
Fractal Design Focus G,61.98,ATX Mid Tower,White,Acrylic
Lian Li O11D XL-W,219.99,ATX Full Tower,White / Black,Tempered Glass
Lian Li V3000 PLUS,349.99,ATX Full Tower,Black,Tempered Glass
BitFenix Nova Mesh SE,69.9,ATX Mid Tower,White,Tempered Glass
be quiet! Pure Base 500DX,99.9,ATX Mid Tower,White,Tempered Glass
DIYPC Silence,55.99,ATX Mid Tower,Black,Acrylic
Corsair iCUE 5000X RGB QL Edition,349.99,ATX Mid Tower,White,Tempered Glass
Corsair 3000D RGB AIRFLOW,104.99,ATX Mid Tower,White,Tempered Glass
Fractal Design Torrent Compact RGB,169.99,ATX Mid Tower,Black,Tinted Tempered Glass
DIYPC F2,55.48,MicroATX Mini Tower,White,Acrylic
Thermaltake Versa H21,54.99,ATX Mid Tower,Black,
Fractal Design Pop XL Silent,109.98,ATX Full Tower,Black,
Thermaltake Ceres 300 TG ARGB,79.99,ATX Mid Tower,Black,Tempered Glass
Cooler Master TD300 Mesh,94.99,MicroATX Mini Tower,Black,Tempered Glass
Thermaltake The Tower 100,99.99,Mini ITX Tower,Black,Tempered Glass
Corsair 5000D AIRFLOW,149.99,ATX Mid Tower,White / Gray,Tempered Glass
Thermaltake The Tower 200,124.99,Mini ITX Tower,White,Tempered Glass
Phanteks Enthoo Pro Tempered Glass,120.99,ATX Full Tower,Black,Tinted Tempered Glass
GameMax M60,49.98,MicroATX Mid Tower,White,Mesh
Corsair 7000D AIRFLOW,229.99,ATX Full Tower,White / Black,Tempered Glass
Cougar MX330,56,ATX Mid Tower,Black,Acrylic
be quiet! Silent Base 802,149.9,ATX Mid Tower,Black,Tempered Glass
Thermaltake V250 TG ARGB,70.98,ATX Mid Tower,Black,Tempered Glass
Thermaltake Core W200,506.68,ATX Full Tower,Black,Acrylic
Antec NX500M,59.99,MicroATX Mini Tower,Black,Tempered Glass
Cougar Archon 2 Mesh RGB,59.99,ATX Mid Tower,White,Tempered Glass
Lian Li LANCOOL III RGB,159.99,ATX Mid Tower,White,Tempered Glass
Cooler Master MasterBox TD500 Mesh w/ Controller,99.99,ATX Mid Tower,Black,Tempered Glass
Thermaltake S200 TG ARGB,84.98,ATX Mid Tower,White,Tempered Glass
Cooler Master MasterBox NR600 (w/o ODD),89.99,ATX Mid Tower,Black,Tempered Glass
GameMax M60,46.98,MicroATX Mid Tower,Black,Mesh
Antec P20C,74.99,ATX Mid Tower,Black,Tempered Glass
Fractal Design Torrent Nano RGB,116.99,Mini ITX Tower,Black,Tinted Tempered Glass
Cooler Master N400,74.99,ATX Mid Tower,Black,
Thermaltake Tower 900,304.98,ATX Full Tower,Black,Tempered Glass
Jonsbo N2,150,Mini ITX Desktop,Black,
GAMDIAS AURA GC1,59.99,ATX Mid Tower,Black,Tempered Glass
NZXT H510,99.98,ATX Mid Tower,Black / Red,Tempered Glass
Thermaltake Level 20,754.96,ATX Full Tower,Black / Silver,Tempered Glass
Cougar MX331 MESH-X,48.99,ATX Mid Tower,Black,
Corsair 2000D RGB AIRFLOW,151.93,Mini ITX Tower,Black,Mesh
Asus TUF Gaming GT502,159.99,ATX Mid Tower,White,Tempered Glass
HYTE Y60,194.99,ATX Mid Tower,Red / Black,Tempered Glass
SAMA SAMA-Z4,55.99,ATX Mid Tower,White / Black,Tempered Glass
Cougar MX330-G,53.99,ATX Mid Tower,Black,Tempered Glass
GameMax Master M905,89.94,ATX Full Tower,Black,Acrylic
Fractal Design Core 1100,49.99,MicroATX Mini Tower,Black,
Lian Li LANCOOL II-W,79.99,ATX Mid Tower,White / Black,Tempered Glass
Deepcool MATREXX 55 V3 ADD-RGB 3F,124.56,ATX Mid Tower,Black,Tempered Glass
Jonsbo D31 MESH,86.99,MicroATX Mini Tower,White,Tempered Glass
MSI MAG PANO M100R PZ,109.99,MicroATX Mid Tower,Black,Tempered Glass
Fractal Design Focus 2 RGB,89.98,ATX Mid Tower,Black,Tempered Glass
Fractal Design Pop Air,59.99,ATX Mid Tower,Pink / Black,Tempered Glass
GAMDIAS TALOS E3 MESH,59.99,ATX Mid Tower,White,Tempered Glass
Deepcool CH560 DIGITAL,114.99,ATX Mid Tower,White,Tempered Glass
Phanteks Enthoo Pro 2,150.77,ATX Full Tower,Black,
Asus A21,122.45,MicroATX Mini Tower,Black,Tempered Glass
Deepcool CK560,146.02,ATX Mid Tower,Black,Tempered Glass
Corsair Carbide Series 175R RGB,75.95,ATX Mid Tower,Black,Tempered Glass
CiT Seven,42.53,MicroATX Mid Tower,Black,Acrylic
Corsair iCUE 220T RGB Airflow,104.99,ATX Mid Tower,White,Tempered Glass
Montech KING 95,109.99,ATX Mid Tower,White,Tempered Glass
Azza Spectra,59.99,ATX Mid Tower,Black,Tempered Glass
Fractal Design Pop Air,89.99,ATX Mid Tower,Cyan / Black,Tempered Glass
NZXT H210i,75,Mini ITX Tower,Black / Red,Tempered Glass
Antec NX200M,54.99,MicroATX Mid Tower,White,Tempered Glass
Fractal Design Meshify 2 RGB,174.99,ATX Mid Tower,Black,Tempered Glass
NZXT H7,129.99,ATX Mid Tower,White,Tempered Glass
Lian Li O11D XL-X,199.99,ATX Full Tower,Black,Tempered Glass
Phanteks ECLIPSE G500A DRGB (Fanless),109.99,ATX Mid Tower,Black,Tempered Glass
Fractal Design Focus 2 RGB,79.95,ATX Mid Tower,White / Black,Tempered Glass
Jonsbo D30,96.99,MicroATX Mini Tower,Black,Tempered Glass
Asus GX601,299.99,ATX Full Tower,White / Black,Tempered Glass
Corsair 4000D,94.99,ATX Mid Tower,Black,Tempered Glass
Azza Pyramid L,399.99,ATX Mid Tower,Gray / Black,Tempered Glass
MUSETEX Y6,106.99,ATX Mid Tower,White,Tempered Glass
NZXT H710,129.99,ATX Mid Tower,White,Tempered Glass
Cooler Master MasterBox TD500 Mesh V2,99.99,ATX Mid Tower,White,Tempered Glass
Jonsbo N1,150,Mini ITX Desktop,Silver,
teenage engineering Computer-1,99,Mini ITX Desktop,Orange / Silver,
Deepcool CH510,120.23,ATX Mid Tower,Black,Tempered Glass
Corsair 2000D AIRFLOW,119.99,Mini ITX Tower,White,Mesh
Fractal Design Focus G Mini,61.98,MicroATX Mini Tower,Black,Acrylic
Cooler Master MasterBox MB311L ARGB,102.96,MicroATX Mid Tower,Black,Tempered Glass
MUSETEX â€ŽTW8-S6 Mesh,79.98,ATX Mid Tower,Black,Tempered Glass
Fractal Design Torrent,189.99,ATX Mid Tower,White,Tempered Glass
Thermaltake The Tower 500,166.99,ATX Mid Tower,Black,Tempered Glass
Phanteks NV9,249.99,ATX Full Tower,White,Tempered Glass
Fractal Design Pop Air,89.99,ATX Mid Tower,Orange / Black,Tempered Glass
Thermaltake View 91,504.98,ATX Full Tower,Black,Tempered Glass
Antec AX90,79.99,ATX Mid Tower,Black,Tempered Glass
Lian Li LANCOOL 205 Mesh C,110.99,ATX Mid Tower,White,Tempered Glass
be quiet! Silent Base 802,165.54,ATX Mid Tower,Black,
Fractal Design Meshify C,89.99,ATX Mid Tower,Black,
MagniumGear NEO QUBE 2,101.38,ATX Mid Tower,White,Tempered Glass
be quiet! Pure Base 600,89.9,ATX Mid Tower,Black,
NZXT H210,99.99,Mini ITX Tower,Black / Red,Tempered Glass
Anidees AI Crystal XL AR 3,319.89,ATX Full Tower,Black,Tempered Glass
Phanteks Enthoo Pro,99.99,ATX Full Tower,Black,
Fractal Design Define 7 Compact,114.99,ATX Mid Tower,Black,
Corsair Crystal Series 680X RGB,274.99,ATX Mid Tower,Black,Tempered Glass
Antec P101 Silent,99.99,ATX Mid Tower,Black,
Fractal Design Define 7 XL Dark,234.99,ATX Full Tower,Black,Tinted Tempered Glass
Phanteks ECLIPSE G500A DRGB,99.99,ATX Mid Tower,White,Tempered Glass
Fractal Design Torrent Nano,312.61,Mini ITX Tower,Black,Tinted Tempered Glass
Lian Li LANCOOL 215,99.99,ATX Mid Tower,White,Tempered Glass
Corsair iCUE 5000X RGB,199.99,ATX Mid Tower,White / Gray,Tempered Glass
KOLINK Satellite,72.14,MicroATX Desktop,Black,Mesh
MSI MAG VAMPIRIC 010,169.78,ATX Mid Tower,Black,Tempered Glass
Lian Li LANCOOL III,134.99,ATX Mid Tower,White,Tempered Glass
Corsair 275R Airflow,263.17,ATX Mid Tower,Black,Tempered Glass
Cooler Master MasterCase H500M,149.99,ATX Mid Tower,Black,Tempered Glass
Fractal Design Pop Silent,79.99,ATX Mid Tower,Black,
Fractal Design Define 7 Mini,109.99,MicroATX Mini Tower,Black,
SSUPD Meshlicious,190.24,Mini ITX Tower,Black,Tempered Glass
Cooler Master MasterBox 520 Mesh,91.99,ATX Mid Tower,Black,Tempered Glass
Silverstone SG13,70.34,Mini ITX Tower,Black,
In Win CE685.FH300TB3,109.05,MicroATX Slim,Black,
GameMax Spark,57.99,MicroATX Mid Tower,Black,Tempered Glass
HYTE REVOLT 3,129.99,Mini ITX Tower,Black,Mesh
Cooler Master Cosmos C700M,549.99,ATX Full Tower,Silver / Black,Tempered Glass
Silverstone SG13 V2,64.98,Mini ITX Tower,Black,
MSI MEG PROSPECT 700R,339.99,ATX Mid Tower,Black,Tempered Glass
Thermaltake View 200 TG ARGB,79.98,ATX Mid Tower,Black,Tempered Glass
Jonsbo D41 Mesh,94.99,ATX Mid Tower,Black,Tempered Glass
Corsair iCUE 5000T RGB,349.99,ATX Mid Tower,White / Gray,Tempered Glass
iBuypower Snowblind S,199.99,ATX Mid Tower,White,Tempered Glass
be quiet! Shadow Base 800 DX,149.9,ATX Mid Tower,Black,Tempered Glass
Razer Tomahawk ATX,346.9,ATX Mid Tower,Black,Tinted Tempered Glass
Asus TUF Gaming GT501,139.99,ATX Mid Tower,White / Black,Tempered Glass
MSI MPG GUNGNIR 110R,99.99,ATX Mid Tower,White,Tempered Glass
Thermaltake Tower 900 Snow Edition,234.98,ATX Full Tower,White,Tempered Glass
BitFenix Nova Mesh SE,69.9,ATX Mid Tower,White / Purple,Tempered Glass
Gigabyte C200 Glass,92.81,ATX Mid Tower,Black,Tempered Glass
MagniumGear Neo Air 2,79.99,ATX Mid Tower,Black / Brown,Tempered Glass
Antec DF700 FLUX,93,ATX Mid Tower,White,Tempered Glass
Thermaltake View 200 TG ARGB,64.98,ATX Mid Tower,White,Tempered Glass
Thermaltake The Tower 300,149.99,MicroATX Mid Tower,Black,Tempered Glass
Cooler Master TD300 Mesh,83.32,MicroATX Mini Tower,White / Black,Tempered Glass
Cooler Master CMP 320,81.39,MicroATX Mid Tower,Black,Tempered Glass
Antec P20C ARGB,71.99,ATX Mid Tower,Black,Tempered Glass
Silverstone FARA H1M,62.99,MicroATX Mini Tower,Black,Tempered Glass
Zalman S2,59.99,ATX Mid Tower,Black,Tempered Glass
HYTE Y40,149,ATX Mid Tower,Red / Black,Tempered Glass
Cooler Master MasterBox NR400 (w/ODD),193.33,MicroATX Mid Tower,Black,Tempered Glass
Thermaltake Core P3 TG Pro,127.99,ATX Mid Tower,,Tempered Glass
Lian Li V3000 PLUS White GGF Edition,349.99,ATX Full Tower,White,Tempered Glass
Apex DM-387,89.17,HTPC,Black,
Cougar Duoface Pro RGB,104.54,ATX Mid Tower,Black,Tempered Glass
be quiet! Shadow Base 800,129.9,ATX Mid Tower,Black,Tempered Glass
NZXT H7,171.15,ATX Mid Tower,Black,Tempered Glass
Corsair Crystal 280X RGB,184.99,MicroATX Mid Tower,White,Tempered Glass
Silverstone GD09B,117.67,HTPC,Black,
MSI MAG VAMPIRIC 100R,79.98,ATX Mid Tower,Black,Tempered Glass
Thermaltake View 71 TG RGB,169.99,ATX Full Tower,Black,Acrylic
Phanteks Eclipse P600S,129.99,ATX Mid Tower,Black,Tinted Tempered Glass
DIYPC Rainbow-Flash-F4,58.99,ATX Mid Tower,Black,Tempered Glass
BGears b-Voguish,57.99,ATX Mid Tower,Black,Tempered Glass
GAMDIAS NESO P1,169.99,ATX Full Tower,Black,Tempered Glass
Antec DF600 FLUX,90,ATX Mid Tower,Black,Tempered Glass
Fractal Design Focus G,61.98,ATX Mid Tower,Black / Blue,Acrylic
Silverstone SG05-LITE,68.67,Mini ITX Desktop,Black,
Apevia Guardian-M,76.98,ATX Mid Tower,Pink,Tempered Glass
Deepcool CH560,109.99,ATX Mid Tower,White,Tempered Glass
Fractal Design Torrent Compact,257.08,ATX Mid Tower,Black,
Zalman S4,54.99,ATX Mid Tower,Black,Tinted Acrylic
MSI MPG VELOX 100R,109.99,ATX Mid Tower,White,Tempered Glass
Thermaltake Ceres 500,156.99,ATX Mid Tower,Black,Tempered Glass
Cougar Archon 2 Mesh RGB,66.98,ATX Mid Tower,Black,Tempered Glass
Cooler Master QUBE 500 Flatpack,74.44,ATX Mid Tower,White,Tempered Glass
MUSETEX G06MN6-B,89.99,ATX Mid Tower,Black,Tempered Glass
Fractal Design Focus G,59.99,ATX Mid Tower,Black / Red,Acrylic
be quiet! Pure Base 500,89.9,ATX Mid Tower,Black,Tempered Glass
Vetroo AL-MESH-7C,79.98,ATX Mid Tower,Black,Tempered Glass
Gigabyte C301 GLASS,94.99,ATX Mid Tower,Black,Tempered Glass
Deepcool CH780,161.98,ATX Full Tower,Black,Tempered Glass
Cooler Master HAF 500,99.99,ATX Mid Tower,Black,Tempered Glass
Jonsbo Jonsplus i400,774.19,ATX Mid Tower,Black,Tempered Glass
be quiet! Pure Base 600,89.9,ATX Mid Tower,Black / Orange,Tempered Glass
Corsair 4000D Airflow,179.97,ATX Mid Tower,White,Tempered Glass
GAMDIAS ARGUS E4 ELITE,59.99,ATX Mid Tower,Black,Tempered Glass
Cooler Master MasterCase H500 ARGB,138.99,ATX Mid Tower,Black,Tempered Glass
Fractal Design Torrent Nano,206.87,Mini ITX Tower,White / Black,Tempered Glass
Deepcool MORPHEUS,187.98,ATX Full Tower,Black,Tempered Glass
HYTE REVOLT 3,110.99,Mini ITX Tower,White,Mesh
Corsair 5000D CORE AIRFLOW,139.99,ATX Mid Tower,White,Tempered Glass
Lian Li Lancool II Mesh C RGB,189.95,ATX Mid Tower,Black,Tempered Glass
Silverstone Sugo 16,87.99,Mini ITX Tower,Black,
Cooler Master MasterBox MB320L ARGB,80.83,MicroATX Mini Tower,Black,Tempered Glass
NZXT H7,123.99,ATX Mid Tower,White / Black,Tempered Glass
Vetroo M03,59.99,MicroATX Mini Tower,Black,Tempered Glass
Phanteks Evolv X,169.99,ATX Mid Tower,Black,Tinted Tempered Glass
Thermaltake Level 20 GT RGB Plus,678.1,ATX Full Tower,Black / Silver,Tempered Glass
Deepcool CH780,149.99,ATX Full Tower,White,Tempered Glass
MSI MPG GUNGNIR 300R AIRFLOW,166.99,ATX Mid Tower,White,Tempered Glass
Corsair Carbide Series 275R,119.99,ATX Mid Tower,Black,Tempered Glass
Razer Tomahawk Mini-ITX,137.99,Mini ITX Tower,Black / Green,Tinted Tempered Glass
Fractal Design Meshify 2 XL,204.99,ATX Full Tower,Black,Tinted Tempered Glass
Fractal Design Torrent RGB,229.99,ATX Mid Tower,White,Tempered Glass
Deepcool MATREXX 55 V3 ADD-RGB WH 3F,99.01,ATX Mid Tower,White / Black,Tempered Glass
Lian Li O11D XL-A,189.99,ATX Full Tower,Silver / Black,Tempered Glass
Gigabyte AORUS C500 GLASS,239.99,ATX Mid Tower,Black,Tempered Glass
Vetroo AL600,79.98,ATX Mid Tower,White,Tempered Glass
Deepcool CH510 MESH DIGITAL,99.99,ATX Mid Tower,Black,Tempered Glass
Cougar MX410 MESH-G RGB,70.98,ATX Mid Tower,Black,Tempered Glass
RAIJINTEK Silenos,52.52,ATX Mid Tower,Black,Tempered Glass
Antec Dark League DF800 FLUX,94.99,ATX Mid Tower,Black,Tempered Glass
APNX Creator C1,149.9,ATX Mid Tower,Black,Tempered Glass
Montech AIR 100 LITE,85.25,MicroATX Mid Tower,Black,Tempered Glass
Corsair iCUE 4000D RGB Airflow QL Edition,249.99,ATX Mid Tower,White,Tempered Glass
GameMax MeshBox,62.99,ATX Mid Tower,Black,Mesh
Thermaltake The Tower 100 Snow,104.98,Mini ITX Tower,White,Tempered Glass
Fractal Design Focus 2,191.65,ATX Mid Tower,White / Black,Tempered Glass
MSI MPG GUNGNIR 120R,89.99,ATX Mid Tower,Black,Tempered Glass
DIYPC ARGB Q10,78.93,ATX Mid Tower,Black,Tempered Glass
Cooler Master QUBE 500 Flatpack Macaron Edition,95.08,ATX Mid Tower,Multicolor,Tempered Glass
Montech SKY TWO,99.99,ATX Mid Tower,Blue,Tempered Glass
Silverstone SUGO 14,137,Mini ITX Desktop,Black / Yellow,
NZXT H510i,194.94,ATX Mid Tower,Black,Tempered Glass
Silverstone GD11,167.99,HTPC,Black,
DIYPC DIY-S07,39.99,ATX Mid Tower,Black,Acrylic
Fractal Design Meshify 2,159.99,ATX Mid Tower,Black,Tinted Tempered Glass
Deepcool CK560,111.98,ATX Mid Tower,White / Black,Tempered Glass
Cougar MX330-G Pro,79.72,ATX Mid Tower,Black,Tempered Glass
In Win CJ712,97.75,MicroATX Desktop,Black,
DIYPC DIY-S08,45.48,ATX Mid Tower,Green / Black,Tempered Glass
Lian Li Lancool II Mesh,229,ATX Mid Tower,White,Tempered Glass
Silverstone MILO 11,72.98,MicroATX Desktop,Black / Silver,
Fractal Design Define 7 XL Light,436.3,ATX Full Tower,Black,Tempered Glass
GAMDIAS NESO P1,169.99,ATX Full Tower,White,Tempered Glass
MSI MPG GUNGNIR 111R,189.35,ATX Mid Tower,Black,Tempered Glass
RAIJINTEK OPHION EVO,69.98,Mini ITX Desktop,Black,Acrylic
be quiet! Pure Base 500,84.9,ATX Mid Tower,White,
Cooler Master HAF 700,299.99,ATX Full Tower,Black,Tempered Glass
Cooler Master Silencio S400,128.49,MicroATX Mini Tower,Black,
Thermaltake Divider 170 TG ARGB,79.98,MicroATX Mid Tower,Black,Tempered Glass
Phanteks Enthoo Pro 2 Server Edition,169.99,ATX Full Tower,Black,Tempered Glass
Fractal Design Meshify 2 Mini,191.21,MicroATX Mid Tower,White / Black,Tempered Glass
GameMax MeshBox Pro,62.99,ATX Mid Tower,Black,Mesh
Jonsbo C6 Handle,62,MicroATX Mini Tower,Black,Mesh
Vetroo AL-MESH-7C,79.98,ATX Mid Tower,White,Tempered Glass
Fractal Design Pop Silent,204.36,ATX Mid Tower,Black,Tempered Glass
Corsair 5000D CORE AIRFLOW,139.99,ATX Mid Tower,Black,Tinted Tempered Glass
Zalman S5,54.99,ATX Mid Tower,Black,Tempered Glass
Thermaltake CTE C750 Air ARGB,179.99,ATX Full Tower,Black,Tempered Glass
Cougar MG120,45.99,MicroATX Mini Tower,Black,
Fractal Design Core 1000,61.42,MicroATX Mini Tower,Black,
Cooler Master Silencio S600,70.98,ATX Mid Tower,Black,
be quiet! Dark Base 700,199.9,ATX Mid Tower,Black,Tempered Glass
Antec NX360,113.53,ATX Mid Tower,Black,Tempered Glass
Fractal Design Meshify 2 Nano,293.07,Mini ITX Tower,Black,Tempered Glass
Asus ROG Z11,279.99,Mini ITX Tower,Black,Tinted Tempered Glass
Silverstone CS382,249.99,ATX Mid Tower,Black,
Fractal Design Pop Mini Silent,85.09,MicroATX Mid Tower,Black,Tempered Glass
Thermaltake Core P3 TG Pro Snow,129.99,ATX Mid Tower,,Tempered Glass
Fractal Design Meshify 2 RGB,174.99,ATX Mid Tower,White / Black,Tempered Glass
Thermaltake Ceres 300 TG ARGB,89.99,ATX Mid Tower,White,Tempered Glass
Zalman Z7 NEO,79.98,ATX Mid Tower,Black,Tempered Glass
MagniumGear NEO QUBE 2 Infinity Mirror,89.99,ATX Mid Tower,White,Tempered Glass
Apevia PRISM,79.98,MicroATX Mid Tower,Pink,Tempered Glass
Thermaltake CTE T500 Air,155.36,ATX Full Tower,Black,Tempered Glass
be quiet! Shadow Base 800 FX,169.9,ATX Mid Tower,White,Tempered Glass
Silverstone FARA R1,80.03,ATX Mid Tower,White / Black,Tempered Glass
Silverstone SUGO 15,199.99,Mini ITX Desktop,Black,
Antec VSK 3000 Elite,67.45,MicroATX Mini Tower,Black,
Azza Spectra,64.98,ATX Mid Tower,White,Tempered Glass
be quiet! Pure Base 600,89.9,ATX Mid Tower,Black / Silver,
Fractal Design Define 7 Dark,189.99,ATX Mid Tower,Black,Tinted Tempered Glass
Corsair 2000D RGB AIRFLOW,159.99,Mini ITX Tower,White,Mesh
Corsair Crystal Series 680X RGB,219.98,ATX Mid Tower,White / Black,Tempered Glass
Cooler Master Cosmos C700P Black Edition,465.29,ATX Full Tower,Black,Tempered Glass
Thermaltake The Tower 500,159.99,ATX Mid Tower,White,Tempered Glass
Cooler Master MasterCase H500,138.99,ATX Mid Tower,Black,Tinted Tempered Glass
be quiet! Silent Base 802,164.9,ATX Mid Tower,White,Tempered Glass
Antec Performance 1 FT,134.99,ATX Full Tower,White,Tempered Glass
Thermaltake Ceres 300 TG ARGB,224.47,ATX Mid Tower,Green,Tempered Glass
be quiet! Dark Base 701,220.99,ATX Mid Tower,Black,Tempered Glass
Phanteks ECLIPSE G500A Performance,199.78,ATX Mid Tower,Black,Tempered Glass
GameMax Contac Turbo COC,63.99,ATX Mid Tower,White / Black,Tempered Glass
Fractal Design Focus G,61.98,ATX Mid Tower,Black / Gray,Acrylic
CiT Home RGB,114.09,MicroATX Mid Tower,Black,
Antec VSK4000E U3,81.64,ATX Mid Tower,Black,
Silverstone ML03B,101.81,HTPC,Black,
Thermaltake Level 20 VT,175.24,MicroATX Desktop,Black / Silver,Tempered Glass
G.Skill LT1,69.98,MicroATX Mini Tower,Black,Tempered Glass
Thermaltake Core P3 TG Snow Edition,137.04,ATX Mid Tower,White,Tempered Glass
be quiet! Pure Base 600,89.9,ATX Mid Tower,Black,Tempered Glass
Cooler Master HAF 500,93.99,ATX Mid Tower,White,Tempered Glass
MagniumGear Neo Air 2,79.99,ATX Mid Tower,White / Brown,Tempered Glass
Cooler Master MasterBox TD500 ARGB,169.99,ATX Mid Tower,Black,Tempered Glass
Phanteks Enthoo Pro 2 Server Edition,149.99,ATX Full Tower,Black,
Fractal Design Define 7 Mini,188.87,MicroATX Mini Tower,Black,Tinted Tempered Glass
Corsair iCUE 465X RGB,228,ATX Mid Tower,White / Black,Tempered Glass
Thermaltake V250 TG ARGB Air,86.35,ATX Mid Tower,Black,Tempered Glass
Thermaltake Core P3,137.04,ATX Mid Tower,Black,Tempered Glass
CiT MTX-007B,71.23,Mini ITX Desktop,Black,
Cooler Master MasterBox NR200P,358.08,Mini ITX Desktop,Purple,Tempered Glass
Vetroo M03,59.99,MicroATX Mini Tower,Green,Tempered Glass
Thermaltake Divider 170 TG Snow ARGB,79.98,MicroATX Mid Tower,White / Black,Tempered Glass
HYTE Y60 Hakos Baelz,280,ATX Mid Tower,Red / Black,Tempered Glass
Cooler Master MasterBox Lite 3.1,67.2,MicroATX Mid Tower,Black / Red,Tempered Glass
Cooler Master MB600L ODD,79.98,ATX Mid Tower,Black / Red,Acrylic
Cougar Conquer 2,364.98,ATX Mid Tower,Black / Orange,Tempered Glass
Vetroo AL600,79.98,ATX Mid Tower,Black,Tempered Glass
Zalman S5,54.99,ATX Mid Tower,White / Black,Tempered Glass
Phanteks Eclipse P500A,179.57,ATX Mid Tower,Black,Tempered Glass
Thermaltake Core P6,179.99,ATX Mid Tower,Black,Tempered Glass
Thermaltake View 51 ARGB Edition,179.99,ATX Full Tower,Black,Tempered Glass
Fractal Design Torrent Nano RGB,319.85,Mini ITX Tower,White,Tempered Glass
Thermaltake Level 20 MT,79.98,ATX Mid Tower,Black,Tempered Glass
Silverstone PS15,70.67,MicroATX Mid Tower,Black,Tempered Glass
Montech KING 95 PRO,173,ATX Mid Tower,Red / Black,Tempered Glass
Phanteks Enthoo 719,169.99,ATX Full Tower,Black,Tempered Glass
Thermaltake AH T600 Snow,299.99,ATX Full Tower,White / Black,Tempered Glass
Jonsbo D31 STD,84.99,MicroATX Mini Tower,Black,Tempered Glass
Silverstone SG05-LITE,67.9,Mini ITX Desktop,White,
Apevia Prism Elite,109.99,ATX Mid Tower,Black,Tempered Glass
Aerocool Bolt,116,ATX Mid Tower,Black,Acrylic
Azza Sanctum,349.99,ATX Desktop,Silver / Black,Tempered Glass
Deepcool CH360 DIGITAL,99.99,MicroATX Mid Tower,Black,Tempered Glass
Thermaltake Core V71 TG,186.68,ATX Full Tower,Black,Tempered Glass
Silverstone SG13,68.68,Mini ITX Tower,White / Black,
GameMax HYPE,129.99,ATX Mid Tower,Black,Tempered Glass
Cougar MX600 RGB,157.69,ATX Full Tower,Black,Tempered Glass
Apevia Prodigy,74.98,MicroATX Mini Tower,Pink,Tempered Glass
Silverstone SG13 V2,64.98,Mini ITX Tower,Pink,
Inter-Tech IM-1 POCKET,197.03,MicroATX Mini Tower,Black,Mesh
Jonsbo TK-2 2.0,176,ATX Mid Tower,Black,Tempered Glass
Silverstone PS15,73.45,MicroATX Mid Tower,White,Tempered Glass
Apevia Prism Elite,109.99,ATX Mid Tower,White,Tempered Glass
Fractal Design Meshify 2 Compact Lite,101.04,ATX Mid Tower,Black,Tinted Tempered Glass
Cougar PANZER MAX-G,173.99,ATX Full Tower,Black,Tempered Glass
Fractal Design Torrent Compact,143.59,ATX Mid Tower,Black,Tinted Tempered Glass
RAIJINTEK PAEAN MINI,69.9,Mini ITX Tower,Black,Tempered Glass
Jonsbo D41 Mesh,96.99,ATX Mid Tower,White,Tempered Glass
Cooler Master CMP 510,110.96,ATX Mid Tower,Black,Tempered Glass
Thermaltake View 51 Snow ARGB Edition,199.99,ATX Full Tower,White,Tempered Glass
Anidees AI CRYSTAL XL PRO LITE,299.89,ATX Full Tower,Black,Tempered Glass
Antec P20C,79.99,ATX Mid Tower,White,Tempered Glass
Apevia Prodigy,74.98,MicroATX Mini Tower,Black,Tempered Glass
Thermaltake The Tower 200,129.99,Mini ITX Tower,Green,Tempered Glass
In Win B1,128.56,Mini ITX Desktop,Black,
SHARKOON REV300,394.69,ATX Full Tower,Black,Tempered Glass
Lian Li TU150,231.92,Mini ITX Desktop,Silver,
be quiet! Silent Base 601,139.9,ATX Mid Tower,Black,
MagniumGear NEO QUBE 2,119.33,ATX Mid Tower,Black,Tempered Glass
Cougar MG140 Air RGB,77.98,MicroATX Mini Tower,Black / Gray,Tempered Glass
Corsair Obsidian Series 500D Premium,501.08,ATX Mid Tower,Black,Tinted Tempered Glass
SHARKOON VS8,145.38,ATX Mid Tower,Black,
CiT Mirage F6,63.81,ATX Mid Tower,Black,Tempered Glass
MSI MPG SEKIRA 500X,512.5,ATX Mid Tower,Black,Tempered Glass
RAIJINTEK PAEAN C7,69.99,ATX Mid Tower,White,Tempered Glass
Thermaltake The Tower 300,149.99,MicroATX Mid Tower,White,Tempered Glass
In Win 301,84,MicroATX Mini Tower,Black / Red,Tempered Glass
Apex TX-606-U3,84.39,MicroATX Mid Tower,Black,
KOLINK Citadel,84.26,MicroATX Mini Tower,Black,Tempered Glass
Fractal Design Meshify 2,307.27,ATX Mid Tower,Gray,Tinted Tempered Glass
Montech KING 95,119,ATX Mid Tower,Red / Black,Tempered Glass
Antec Performance 1 SILENT,144.99,ATX Full Tower,Black / Silver,
HYTE REVOLT 3,199.99,Mini ITX Tower,White,Mesh
Silverstone ML06B,91.5,HTPC,Black,
Phanteks Eclipse P600S,109.99,ATX Mid Tower,Black,
Thermaltake View 71 TG Snow,219.99,ATX Full Tower,White,Acrylic
ADATA XPG STARKER AIR,69.98,ATX Mid Tower,Black,Tempered Glass
Silverstone FARA H1M,67.06,MicroATX Mini Tower,Black,
Phanteks Enthoo Series Primo Aluminum,219.99,ATX Full Tower,Black,Acrylic
Corsair 5000D,164.99,ATX Mid Tower,Black,Tempered Glass
Antec NX260,117.99,ATX Mid Tower,Black,Tempered Glass
Deepcool CH360,91.98,MicroATX Mid Tower,Black,Tempered Glass
Fractal Design Meshify 2 Nano,167.83,Mini ITX Tower,White,Tempered Glass
ADATA XPG INVADER X,169,ATX Mid Tower,Black,Tempered Glass
Thermaltake Core P6,185.99,ATX Mid Tower,White / Black,Tempered Glass
Apex MI-008,69.3,Mini ITX Tower,Black,
ADATA XPG INVADER,59.99,ATX Mid Tower,Black,Tempered Glass
Thermaltake Core W100,354.98,ATX Full Tower,Black,Acrylic
Azza Octane A,99.99,ATX Mid Tower,Black,Tempered Glass
be quiet! Pure Base 500,89.9,ATX Mid Tower,Gray,Tempered Glass
Silverstone PS16B,72.7,MicroATX Mini Tower,Black,
Thermaltake The Tower 100,99.99,Mini ITX Tower,Turquoise / Black,Tempered Glass
Jonsbo N2,150,Mini ITX Desktop,White,
Fractal Design Pop Silent,193.73,ATX Mid Tower,White,Tempered Glass
Thermaltake AH T600,299.99,ATX Full Tower,Black,Tempered Glass
Cooler Master MasterCase H500P Mesh ARGB,159,ATX Mid Tower,White,Tempered Glass
KOLINK Castle,91.12,ATX Mid Tower,Black,Tempered Glass
Lian Li LANCOOL 205 Mesh,195,ATX Mid Tower,Black,Tempered Glass
Gigabyte C301 GLASS,99.99,ATX Mid Tower,White,Tempered Glass
Silverstone FARA H1M,73.44,MicroATX Mini Tower,White,Tempered Glass
Thermaltake Divider 370 TG Snow ARGB,119.99,ATX Mid Tower,White / Black,Tempered Glass
Silverstone RM42-502,342.02,ATX Mid Tower,Black,
Antec AX81 ELITE,114.08,ATX Mid Tower,Black,Tempered Glass
Thermaltake The Tower 100,99.99,Mini ITX Tower,Green / Black,Tempered Glass
Aerocool Aero One Eclipse,80.49,ATX Mid Tower,White / Black,Tempered Glass
be quiet! Dark Base 900,370,ATX Full Tower,Black / Orange,
Gigabyte AORUS C300,109.99,ATX Mid Tower,Black,Tinted Tempered Glass
Thermaltake S300 Tempered Glass Edition,104.98,ATX Mid Tower,Black,Tempered Glass
Azza Aero,109.99,ATX Mid Tower,Black,Mesh
Silverstone ML05B,75.88,HTPC,Black,
APNX Creator C1 ChromaFlair,169.9,ATX Mid Tower,Purple / Blue,Tempered Glass
BitFenix FLOW,69.9,ATX Mid Tower,Black,Tempered Glass
Lian Li ODYSSEY X,129.99,ATX Full Tower,Silver / Black,Tempered Glass
Antec P120 Crystal,119.99,ATX Mid Tower,Black,Tempered Glass
In Win A3,95,MicroATX Mini Tower,Black,Tempered Glass
GAMDIAS NESO P1,147.97,ATX Full Tower,Black / Red,Tempered Glass
GameMax Nova N5,46.97,ATX Mid Tower,Black,Tempered Glass
Cougar Duoface RGB,79.99,ATX Mid Tower,White,Tempered Glass
BitFenix Tracery,79.9,ATX Mid Tower,White,Tempered Glass
be quiet! Silent Base 802,149.9,ATX Mid Tower,White,
NZXT H510i Rivals,107.17,ATX Mid Tower,Yellow / Black,Tempered Glass
Lian Li ODYSSEY X,129.99,ATX Full Tower,Black,Tempered Glass
GameMax Mini Abyss H608,55.98,MicroATX Mid Tower,Black,Tempered Glass
Fractal Design Torrent Compact RGB,409.65,ATX Mid Tower,White,Tempered Glass
Cooler Master MasterBox NR600 (w/ODD),81.34,ATX Mid Tower,Black,Tempered Glass
Thermaltake Core X71,149.99,ATX Full Tower,Black,Acrylic
GameMax Contac Turbo COC,68.99,ATX Mid Tower,Black / Gray,Tempered Glass
Silverstone FARA H1M PRO,76.5,MicroATX Mini Tower,Black,Tempered Glass
be quiet! Pure Base 500,84.9,ATX Mid Tower,Gray,
Corsair iCUE 5000X RGB Neon Night,249.99,ATX Mid Tower,Black / Purple,Tempered Glass
ADATA XPG STARKER AIR,109.99,ATX Mid Tower,White / Black,Tempered Glass
Segotep Phoenix T1,159.99,ATX Mid Tower,Black,Tempered Glass
Jonsbo D300,136,MicroATX Mid Tower,Black,Tempered Glass
Thermaltake CTE C750 Air ARGB,179.99,ATX Full Tower,White,Tempered Glass
Silverstone ALTA G1M,153.71,MicroATX Mid Tower,,
Apevia CRUSADER-F-PK,76.98,ATX Mid Tower,Pink,Tempered Glass
Deepcool MORPHEUS,198.99,ATX Full Tower,White,Tempered Glass
Antec TORQUE,379.99,ATX Mid Tower,Black / Red,Tempered Glass
Cooler Master MasterBox MB530P,119.99,ATX Mid Tower,Black,Tempered Glass
RAIJINTEK OPHION ELITE WHITE,79.9,Mini ITX Tower,White,Mesh
Thermaltake View 71 TG,199.99,ATX Full Tower,Black,Acrylic
Silverstone GD08B,211.64,HTPC,Black,
Antec NX210,76.61,ATX Mid Tower,Black,Tempered Glass
Apevia Genesis Pro,87.99,ATX Mid Tower,White,Tempered Glass
be quiet! Dark Base 900,265.91,ATX Full Tower,Black,
Silverstone FARA R1 PRO V2,124.06,ATX Mid Tower,Black,Tempered Glass
Silverstone GD09 Type-C,269.42,HTPC,Black,Mesh
Linkworld 920-01C2121U,56,HTPC,Black,
Thermaltake CTE T500 Air,119.99,ATX Full Tower,White,Tempered Glass
Montech KING 95,125,ATX Mid Tower,Blue / Black,Tempered Glass
Enermax StarryKnight SK30 V2,84.99,ATX Mid Tower,Black,Tempered Glass
Jonsbo TK-2 2.0,176,ATX Mid Tower,White,Tempered Glass
Asus TUF Gaming GT501 Demon Slayer Edition,379.99,ATX Mid Tower,Yellow / Black,Tempered Glass
Cooler Master MasterBox MB520 RGB,116.99,ATX Mid Tower,Black,Tempered Glass
Deepcool CH510,113.72,ATX Mid Tower,White / Black,Tempered Glass
Silverstone SETA D1,154.84,ATX Mid Tower,Black,
SHARKOON TG6 RGB,81.79,ATX Mid Tower,Black,Tempered Glass
Cougar Cratus,434.31,ATX Mid Tower,Black,Tempered Glass
NZXT H510i All Might,107.17,ATX Mid Tower,Blue / Red,Tempered Glass
Azza Legionaire 470,109.99,ATX Mid Tower,Black,Mesh
APNX Creator C1,155.9,ATX Mid Tower,White,Tempered Glass
Rosewill CULLINAN,247.99,ATX Mid Tower,Black,Tempered Glass
Deepcool MACUBE 310,202.7,ATX Mid Tower,White,Tempered Glass
Deepcool Quadstellar Infinity,495,ATX Mid Tower,Black,Tempered Glass
Antec VSK10,80.38,MicroATX Mid Tower,Black,
Silverstone RVZ01B,135.55,Mini ITX Desktop,Black,
Silverstone CS351,191.99,MicroATX Desktop,Black,
Jonsbo D300,136,MicroATX Mid Tower,White,Tempered Glass
In Win EM048,105.34,MicroATX Mini Tower,Black,
GameMax Infinity,62.97,ATX Mid Tower,White,Tempered Glass
MSI MAG VAMPIRIC 300R,342.68,ATX Mid Tower,Black,Tempered Glass
Antec P20CE,200.76,ATX Mid Tower,Black,
Silverstone DS380B,211.89,Mini ITX Tower,Black,
Silverstone Sugo 16,84.4,Mini ITX Tower,White,
Thermaltake Versa H15,152,MicroATX Mid Tower,Black,Acrylic
Silverstone Milo 12,169.99,HTPC,Black,Mesh
NOX Hummer TGM,82.05,ATX Mid Tower,,Tempered Glass
Geometric Future Model 6,69.9,ATX Mid Tower,Black / Yellow,Tinted Tempered Glass
Silverstone Sugo SG11,118.73,MicroATX Mini Tower,Black,
Thermaltake The Tower 200,124.99,Mini ITX Tower,Beige,Tempered Glass
GameMax Edge,48.99,ATX Mid Tower,Black,Tempered Glass
Raidmax X616,69.98,ATX Mid Tower,Black,Tempered Glass
Apevia Destiny Pro,92.99,ATX Mid Tower,Pink / Black,Tempered Glass
Corsair 5000D,164.99,ATX Mid Tower,White / Gray,Tempered Glass
Cooler Master CMP 510,84.94,ATX Mid Tower,Black,Tempered Glass
be quiet! Pure Base 500,89.9,ATX Mid Tower,White,Tempered Glass
Cooler Master MasterFrame 700,185.99,ATX Full Tower,Black,Tempered Glass
Cooler Master MasterBox MB600L V2,85.13,ATX Mid Tower,Black,
Fractal Design Meshify 2 Compact Lite RGB,106.35,ATX Mid Tower,Black,Tinted Tempered Glass
Apevia Enzo,64.98,ATX Mid Tower,White,Tempered Glass
Silverstone RVZ03,143.59,Mini ITX Desktop,Black,
In Win BK623.BH300TB3,97.02,MicroATX Mini Tower,Black / Silver,
GAMDIAS NESO P1,154.22,ATX Full Tower,Black / White,Tempered Glass
KOLINK KLA-003,54.03,ATX Full Tower,Black,
be quiet! Shadow Base 800 DX,154.9,ATX Mid Tower,White,Tempered Glass
Thermaltake The Tower 200 Bumblebee,129.99,Mini ITX Tower,Yellow / Black,Tempered Glass
Cougar Panzer Max,291.05,ATX Full Tower,Black,Acrylic
Zalman M2 Mini Silver,166.72,Mini ITX Desktop,Silver / Black,Tempered Glass
Apevia Genesis-BK,80.98,ATX Mid Tower,Black,Tempered Glass
SHARKOON VS9 RGB,88.84,ATX Mid Tower,White,Tempered Glass
be quiet! Dark Base 900,375,ATX Full Tower,Black / Silver,
Thermaltake S300 Tempered Glass Snow Edition,99.99,ATX Mid Tower,White,Tempered Glass
Antec P10 FLUX,84.99,ATX Mid Tower,Black,
Aerocool Bolt Mini Glass,67.44,MicroATX Mini Tower,Black,Tempered Glass
Phanteks EVOLV SHIFT 2 AIR,167.2,Mini ITX Tower,Black,
RAIJINTEK Silenos Pro,59.99,ATX Mid Tower,Black,Tempered Glass
SHARKOON QB ONE,145.63,Mini ITX Desktop,Black,Mesh
Cooler Master MasterBox 540,132.22,ATX Mid Tower,Black,Tempered Glass
Thermaltake Ceres 500,155.99,ATX Mid Tower,White,Tempered Glass
Geometric Future M4 King Arthur,79.9,ATX Mid Tower,Black / Yellow,Tempered Glass
Thermaltake V150 Tempered Glass ARGB Breeze,104.14,MicroATX Mid Tower,Black,Tempered Glass
Silverstone ML04B,116.76,HTPC,Black,
Fractal Design Define 7 Compact,257.33,ATX Mid Tower,Black,Tinted Tempered Glass
Chieftec Hunter,184,ATX Mid Tower,Black,Tempered Glass
BitFenix Tracery,79.9,ATX Mid Tower,Black,Tempered Glass
Silverstone FARA 312Z,85.6,MicroATX Mini Tower,Black,Tempered Glass
Thermaltake Core P6,234.98,ATX Mid Tower,Blue / Black,Tempered Glass
Antec P7 NEO,69.99,ATX Mid Tower,Black,
Cooler Master MB600L,79.98,ATX Mid Tower,Black / Red,Acrylic
Fractal Design Meshify 2 Lite,251.12,ATX Mid Tower,Black,Tempered Glass
Cooler Master MasterBox 520 Mesh,192.51,ATX Mid Tower,White,Tempered Glass
Deepcool CH360,91.98,MicroATX Mid Tower,White,Tempered Glass
Silverstone RVZ03B-ARGB,160.85,Mini ITX Desktop,Black,
Silverstone SUGO 15,179.99,Mini ITX Desktop,Silver,
In Win B1 Pure,128,Mini ITX Desktop,White / Brown,
Silverstone ML07B,100.59,HTPC,Black,
RAIJINTEK ASTERION CLASSIC,99.9,ATX Full Tower,Black,Tempered Glass
MSI MPG GUNGNIR 100,302.7,ATX Mid Tower,Black,Tempered Glass
Apevia Genesis Pro,86.99,ATX Mid Tower,Pink,Tempered Glass
Apevia Predator,73.98,ATX Mid Tower,Black,Tempered Glass
Silverstone ML09,97.15,HTPC,Black,
Lian Li LANCOOL 205 Mesh,195,ATX Mid Tower,White / Black,Tempered Glass
Thermaltake CTE C700 TG ARGB,139.99,ATX Mid Tower,Black,Tempered Glass
Phanteks Enthoo 719,189.98,ATX Full Tower,Gray,Tempered Glass
Thermaltake The Tower 200,129.99,Mini ITX Tower,Turquoise,Tempered Glass
DIYPC Rainbow-Flash-F4,59.54,ATX Mid Tower,Pink,Tempered Glass
Silverstone SG13,68.83,Mini ITX Tower,Black,
Rosewill Legacy V3 Plus-B,90,Mini ITX Tower,Black,
Thermaltake CTE C750 ARGB,184.99,ATX Full Tower,Black,Tempered Glass
Cougar PANZER EVO RGB,254.98,ATX Full Tower,Black,Tempered Glass
Vetroo K1,139.99,ATX Mid Tower,Silver,Tempered Glass
Cougar MX600 RGB,182.25,ATX Full Tower,White,Tempered Glass
DIYPC DIY-S08,45.48,ATX Mid Tower,White / Black,Tempered Glass
KOLINK Horizon,217.89,ATX Mid Tower,,Tempered Glass
Silverstone FARA 513 Type-C,88.32,ATX Mid Tower,Black,
RAIJINTEK PONOS MS,65.52,ATX Mid Tower,Black,Tempered Glass
Enermax LIBLLUSSION LL30,65,ATX Mid Tower,Black,Tempered Glass
Thermaltake View 300 MX Snow TG ARGB,144.98,ATX Mid Tower,White,Tempered Glass
Antec DF800 FLUX,157.37,ATX Mid Tower,White,Tempered Glass
Thermaltake Divider 300 TG,85.99,ATX Mid Tower,Black,Tempered Glass
Phanteks Evolv X,169.99,ATX Mid Tower,White,Tempered Glass
ADATA XPG DEFENDER,89.99,ATX Mid Tower,Black,Tempered Glass
Cougar Duoface RGB,81.99,ATX Mid Tower,Black,Tempered Glass
Thermaltake Divider 370 TG ARGB,104.98,ATX Mid Tower,Black,Tempered Glass
SeaSonic SYNCRO Q704,75.99,ATX Mid Tower,Black,Tempered Glass
In Win A5,104.8,ATX Mid Tower,Black,Tempered Glass
ADATA XPG CRUISER,89.99,ATX Mid Tower,Black,Tempered Glass
Azza Mesa,369.99,ATX Desktop,Silver / Black,Tempered Glass
Cooler Master Silencio S400,416,MicroATX Mini Tower,Black,Tempered Glass
Chieftec CI-01B-OP,137,MicroATX Desktop,Black,
Silverstone FARA H1M PRO,101.3,MicroATX Mini Tower,White / Black,Tempered Glass
DIYPC DIY-S08,45.93,ATX Mid Tower,Gray / Black,Tempered Glass
SHARKOON VS8 RGB,203.21,ATX Mid Tower,White,Tempered Glass
Silverstone RVZ02B,115.35,HTPC,Black,
RAIJINTEK OPHION,78.53,Mini ITX Desktop,Black,Acrylic
SHARKOON VS9 RGB,197.55,ATX Mid Tower,Black,Tempered Glass
ADATA XPG Battlecruiser,99.99,ATX Mid Tower,White / Black,Tempered Glass
Segotep Phoenix T1,159.99,ATX Mid Tower,White,Tempered Glass
Thermaltake CTE C700 Air,155.36,ATX Mid Tower,Black,Tempered Glass
ADATA XPG INVADER,59.99,ATX Mid Tower,White,Tempered Glass
Cougar MX430 Air RGB,91.61,ATX Mid Tower,Black,Tempered Glass
KOLINK UNITY CODE X,246.4,ATX Mid Tower,Black,Tempered Glass
Thermaltake V100 Perforated,49.99,ATX Mid Tower,Black,
Thermaltake Divider 200 TG Air Snow,149.96,MicroATX Mini Tower,White,Tempered Glass
Apevia Genesis Pro,86.99,ATX Mid Tower,Black,Tempered Glass
GAMDIAS ATHENA P1,89.99,ATX Mid Tower,Black,Tempered Glass
Cougar DarkBlader X7,71.99,ATX Mid Tower,Black,Tempered Glass
be quiet! Silent Base 601,129.9,ATX Mid Tower,Black,Tempered Glass
Thermaltake View 31 TG,124.96,ATX Mid Tower,Black,Acrylic
Streacom DA2 V2,337.01,Mini ITX Desktop,Black,
Silverstone CS380,220,ATX Mid Tower,Black,
Montech SKY ONE LITE,79.9,ATX Mid Tower,White,Tempered Glass
Thermaltake CTE C750 ARGB,187.99,ATX Full Tower,White,Tempered Glass
GameMax Infinity,64.94,ATX Mid Tower,Black,Tempered Glass
SHARKOON VG7-W RGB,173.18,ATX Mid Tower,Black,Acrylic
Azza Elise,69.98,MicroATX Mid Tower,Black / Pink,Tempered Glass
GameMax G563,49.94,ATX Mid Tower,Black,Acrylic
Antec C8,129.99,ATX Mid Tower,Black,Tempered Glass
BGears b-Masstige,50.99,MicroATX Mini Tower,Black,Tempered Glass
Silverstone ALTA G1M,160.22,MicroATX Mid Tower,White,
Silverstone PS07B,109,MicroATX Mini Tower,Black,
Thermaltake H570 TG ARGB,112.99,ATX Mid Tower,White,Tempered Glass
Silverstone SETA A1,139.99,ATX Mid Tower,Pink / Silver,Tempered Glass
Silverstone SUGO 14,218.54,Mini ITX Desktop,White,
Deepcool CH360 DIGITAL,99.99,MicroATX Mid Tower,White,Tempered Glass
Fractal Design Define 7 Compact,237.1,ATX Mid Tower,Black,Tempered Glass
Apevia Prodigy,74.98,MicroATX Mini Tower,White,Tempered Glass
Silverstone ML08,135.13,HTPC,Black,Acrylic
RAIJINTEK ASTERION CLASSIC,99.9,ATX Full Tower,Silver,Tempered Glass
Cooler Master Elite 500 ODD,236.94,ATX Mid Tower,Black,Tempered Glass
Azza Celesta 340F,67.98,ATX Mid Tower,Black,Tempered Glass
ADATA XPG DEFENDER PRO,138.99,ATX Mid Tower,Black,Tempered Glass
Cougar Archon 2 RGB,120,ATX Mid Tower,Black,Tempered Glass
Thermaltake The Tower 300 Hydrangea,149.99,MicroATX Mid Tower,Blue,Tempered Glass
Thermaltake AH T200,134.98,MicroATX Mid Tower,Black,Tempered Glass
Jonsbo MOD5,315,ATX Mid Tower,Gray,Tempered Glass
In Win 301,69.98,MicroATX Mini Tower,White / Blue,Tempered Glass
Azza Regis,399.99,ATX Mid Tower,Black,Tempered Glass
Thermaltake AH T200 Snow,134.98,MicroATX Mid Tower,White,Tempered Glass
Thermaltake Core P90,187.05,ATX Mid Tower,Black,Tinted Tempered Glass
SSUPD Meshroom S w/PCIe 4.0 RIser,338.72,ATX Mini Tower,Blue,Mesh
Cooler Master MasterBox NR600P,157.32,ATX Mid Tower,Black,
be quiet! Silent Base 601,149.9,ATX Mid Tower,Black / Orange,Tempered Glass
Cooler Master MasterCase H500P Mesh,159,ATX Mid Tower,White,Acrylic
Zalman S3,59.99,ATX Mid Tower,Black,Tempered Glass
Geometric Future M4 Caliburn,94.9,ATX Mid Tower,Black / Silver,Tempered Glass
Jonsbo Jonsplus i400,535.52,ATX Mid Tower,Silver,Tempered Glass
Silverstone FARA 512Z,98.78,ATX Mid Tower,Black,Tempered Glass
MSI MPG Sekira 100P,305.18,ATX Mid Tower,Black,Tempered Glass
SHARKOON Rebel C50 RGB,322.76,ATX Mid Tower,Black,Tempered Glass
Silverstone Precision PS15 RGB,78.7,MicroATX Mid Tower,Black,Tempered Glass
Streacom DA2,316.08,Mini ITX Desktop,Silver,
Apevia Destiny Flow,82.99,ATX Mid Tower,Black,Tempered Glass
Thermaltake CTE C700 Air,119.99,ATX Mid Tower,White,Tempered Glass
Apevia Guardian-M,74.98,ATX Mid Tower,Black,Tempered Glass
Jonsbo D500,338,ATX Full Tower,Black,Tempered Glass
Silverstone CS330B,179.99,MicroATX Mini Tower,Black,
Thermaltake Level 20 RS ARGB,119.96,ATX Mid Tower,Black,Tempered Glass
Apevia Genesis-WH,79.98,ATX Mid Tower,White / Black,Tempered Glass
ADATA XPG Battlecruiser,99.99,ATX Mid Tower,Black,Tempered Glass
RAIJINTEK METIS EVO TGS,69.99,Mini ITX Desktop,Black,Tempered Glass
BitFenix Dawn TG,99.9,ATX Mid Tower,Black,Tempered Glass
DIYPC Dragon-R-4LED,57.99,ATX Mid Tower,Black / Red,Tempered Glass
ADATA XPG DEFENDER PRO,89.99,ATX Mid Tower,White / Black,Tempered Glass
In Win IW-MS04,157,Mini ITX Desktop,Black,
Cougar Dust 2,144.99,Mini ITX Tower,Black / Gray,Mesh
Thermaltake Versa H24,133,ATX Mid Tower,Black,
BGears â€Žb-BlackWidow-RGB,85.83,ATX Mid Tower,Black,Tinted Tempered Glass
Silverstone ML04 Type-C,231.02,HTPC,Black,Mesh
Silverstone FARA 511Z,103.13,ATX Mid Tower,Black,Tempered Glass
Antec C8,129.99,ATX Mid Tower,White,Tempered Glass
KOLINK KLM-003,47.07,MicroATX Mini Tower,Black,
Antec DARK CUBE,226.99,MicroATX Mini Tower,Black,Tempered Glass
Phanteks EVOLV SHIFT 2 AIR,189.7,Mini ITX Tower,Gray / Black,
Thermaltake CTE C700 TG ARGB,98.63,ATX Mid Tower,White,Tempered Glass
Azza Pyramid Mini 806,339.99,Mini ITX Tower,Silver / Black,Tempered Glass
darkFlash DLH21,129.44,Mini ITX Tower,White,
RAIJINTEK Metis Plus,80.53,Mini ITX Tower,Silver,Acrylic
SHARKOON REV 200,217.49,ATX Mid Tower,Black,Tempered Glass
Thermaltake LANBOX Lite,79.96,MicroATX Mini Tower,Black,
Cougar MX330-F,74.9,ATX Mid Tower,Black,Acrylic
Geometric Future M4 King Arthur,89.9,ATX Mid Tower,White,Tempered Glass
Silverstone GD07B,194.99,HTPC,Black,
Aerocool Playa Slim,169.38,MicroATX Mini Tower,Black,
Apevia Destiny Pro,90.99,ATX Mid Tower,Black,Tempered Glass
RAIJINTEK Metis Plus,80.53,Mini ITX Tower,Black,Acrylic
KOLINK KLA-002,94.08,ATX Mid Tower,Black,
Azza Cube 802 RGB,379.99,ATX Mid Tower,Black,Tempered Glass
Silverstone PS15 PRO,195.09,MicroATX Mid Tower,Black,Tempered Glass
Supermicro SuperChassis 721TQ-350B2,272,Mini ITX Tower,Black,
SHARKOON Rebel C50,262.89,ATX Mid Tower,Black,Mesh
Apevia Enzo,64.98,ATX Mid Tower,Black,Tempered Glass
be quiet! Silent Base 601,155.54,ATX Mid Tower,Black / Orange,
GameMax Contac Turbo COC,69.98,ATX Mid Tower,Black / Red,Tempered Glass
Silverstone FARA R1 PRO,89.99,ATX Mid Tower,Black,Tempered Glass
ADATA XPG STARKER,59.99,ATX Mid Tower,White,Tempered Glass
Silverstone FTZ01,195.85,Mini ITX Desktop,Black,
Antec DP505,99,ATX Mid Tower,White,Tempered Glass
Antec NX416L,99.99,ATX Mid Tower,Black,Tempered Glass
Apevia Matrix,75.98,ATX Mid Tower,Pink,Tempered Glass
Azza Pyramid Mesh,419.99,ATX Mid Tower,Silver / Black,Mesh
Azza Hive 450,79.98,ATX Mid Tower,Black,Tempered Glass
GameMax Nova N6,47.99,ATX Mid Tower,Black,Tempered Glass
Thermaltake AH T200,134.98,MicroATX Mid Tower,Green / Black,Tempered Glass
ADATA XPG Battlecruiser II,179.99,ATX Mid Tower,Black,Tempered Glass
Geometric Future Model 2 The ARK,139.9,MicroATX Mini Tower,Black / Gold,Mesh
HEC 6T10LITE,74.77,MicroATX Mini Tower,Black,
Cougar MX330-G Pro,101.18,ATX Mid Tower,White,Tempered Glass
Silverstone TJ08B-E,163.03,MicroATX Mini Tower,Black,
GAMDIAS ATHENA M1 ELITE,82.33,ATX Mid Tower,Black,Tempered Glass
Thermaltake Divider 200 TG Air,144.8,MicroATX Mini Tower,White,Tempered Glass
BGears b-Optillusion,57.99,ATX Mid Tower,Black,Tempered Glass
Silverstone ML08,118.49,HTPC,Black,
Thermaltake The Tower 300,149.99,MicroATX Mid Tower,Turquoise / Black,Tempered Glass
Streacom DA2 V2,299.99,Mini ITX Desktop,Silver,
Silverstone PS14-E,90.6,ATX Mid Tower,Black,Tempered Glass
Thermaltake CTE T500,130.47,ATX Full Tower,Black,Tempered Glass
Thermaltake AH T200,134.98,MicroATX Mid Tower,Pink / Black,Tempered Glass
Silverstone FTZ01-E,162.57,Mini ITX Desktop,Black,
Thermaltake View 300 MX,144.98,ATX Mid Tower,Black,Tempered Glass
Chieftec SCORPION 3,215,ATX Mid Tower,Black,Tempered Glass
G.Skill Z5i,139.99,Mini ITX Tower,Black,Tempered Glass
Corsair iCUE 5000X RGB Planetary,249.99,ATX Mid Tower,Black / Orange,Tempered Glass
GameMax Destroyer,71.99,MicroATX Mini Tower,White,Tempered Glass
Cooler Master MasterBox 500,304.01,ATX Mid Tower,Black,Tempered Glass
Deco Gear DGPCS20X,119.99,ATX Mid Tower,Black,Tinted Tempered Glass
Silverstone Lucid LD03,109.99,Mini ITX Tower,,Tinted Tempered Glass
Geometric Future Model 2 The ARK,139.9,MicroATX Mini Tower,White,Mesh
Silverstone GD10B,156.74,HTPC,Black,
Cougar Gemini M,101.81,MicroATX Mini Tower,Black,Tempered Glass
Apevia Destiny Pro,91.99,ATX Mid Tower,White / Black,Tempered Glass
SHARKOON REV 100,176.25,ATX Mid Tower,Black,Tempered Glass
Jonsbo V11,414.13,Mini ITX Tower,Silver,Mesh
SHARKOON Rebel C70G RGB,245,ATX Mid Tower,Brown / Black,Tempered Glass
Azza Chroma 410,120,ATX Mid Tower,Black,Acrylic
Thermaltake Versa N26,203,ATX Mid Tower,Black,Acrylic
RAIJINTEK Thetis,120.84,ATX Mid Tower,Silver,Acrylic
Silverstone RL08BR-RGB,149.72,MicroATX Mini Tower,Black / Red,Tempered Glass
RAIJINTEK PAEAN M,89.99,MicroATX Mini Tower,Black,Tempered Glass
be quiet! Silent Base 601,165.54,ATX Mid Tower,Black / Silver,Tempered Glass
Thermaltake CTE T500,139.99,ATX Full Tower,White,Tempered Glass
Antec NSK3100,83.67,MicroATX Mini Tower,Black,
ADATA XPG Battlecruiser II,179.99,ATX Mid Tower,White,Tempered Glass
KOLINK Rocket Complex,235,Mini ITX Tower,Black,Mesh
Silverstone PS14-E,81.51,ATX Mid Tower,Black,
Antec P5,161.38,MicroATX Mini Tower,Black,
Chieftec UE-02B,151,MicroATX Mini Tower,,
BitFenix Prodigy M 2022,317,MicroATX Mini Tower,White / Black,Tempered Glass
Geometric Future Model 8,149.9,ATX Mid Tower,Black / White,Tinted Tempered Glass
Chieftec BT-06B-250VS (230v),215,Mini ITX Tower,,
Thermaltake Versa T27 TG ARGB,142.47,ATX Mid Tower,Black,Tempered Glass
Anidees AI Atomic,89.9,ATX Mid Tower,Black,Mesh
Silverstone RVZ03W-ARGB,149.19,Mini ITX Desktop,White,
Silverstone CS280B,198.21,Mini ITX Tower,Black / Silver,
RAIJINTEK OPHION M EVO ALS,69.9,MicroATX Mid Tower,Black,
RAIJINTEK COEUS ELITE TC,74.86,MicroATX Mini Tower,Black,Tempered Glass
Thermaltake Divider 300 ARGB Triangular,143.99,ATX Mid Tower,Black,Tempered Glass
Silverstone GD06B,211.56,HTPC,Black,
Thermaltake View 71 ARGB,234.98,ATX Full Tower,Black,Tempered Glass
GameMax Master M905,98.94,ATX Full Tower,Black,Tempered Glass
Silverstone PM02-G,129.99,ATX Mid Tower,Black / Red,Tempered Glass
Apevia Destiny Flow,85.99,ATX Mid Tower,Pink,Tempered Glass
Silverstone FARA R1 PRO,100.1,ATX Mid Tower,White,Tempered Glass
BGears b-Vortex-RGB,52.99,ATX Mid Tower,Black,Tempered Glass
SHARKOON MS-Z1000,76.48,MicroATX Mid Tower,Black,Tempered Glass
SHARKOON Rebel C50,311.98,ATX Mid Tower,White,Mesh
ADATA XPG STARKER,59.99,ATX Mid Tower,Black,Tempered Glass
RAIJINTEK METIS EVO ALS,80.75,Mini ITX Desktop,Blue,
RAIJINTEK METIS EVO TGS,69.99,Mini ITX Desktop,Silver,Tempered Glass
Silverstone SG12B-V2,164.74,MicroATX Mini Tower,Black / Blue,
ADATA XPG DEFENDER,89.99,ATX Mid Tower,White / Black,Tempered Glass
Thermaltake Divider 500 TG ARGB Snow,174.96,ATX Mid Tower,White,Tempered Glass
Inter-Tech SC-4100,163.66,Mini ITX Desktop,Black,
Cougar Dust 2,171.33,Mini ITX Tower,Black / Gold,Mesh
RAIJINTEK OPHION M EVO TGS,69.9,MicroATX Mid Tower,Black,Tempered Glass
Azza Eclipse 440,79.98,ATX Mid Tower,Black,Tempered Glass
SHARKOON MS-Y1000,80.73,MicroATX Mid Tower,White,Tempered Glass
Antec P7 Silent,121.52,ATX Mid Tower,Black / Silver,
Thermaltake Divider 500 TG ARGB,164.98,ATX Mid Tower,Black,Tempered Glass
RAIJINTEK METIS EVO ALS,80.75,Mini ITX Desktop,Red,
KOLINK Rocket V2,174,Mini ITX Tower,Silver,Mesh
Cougar DarkBlader X5,120.65,ATX Mid Tower,White,Tempered Glass
KOLINK Nimbus,79.83,ATX Mid Tower,Black,Tempered Glass
Corsair iCUE 5000X RGB Triptych,249.99,ATX Mid Tower,Black / Green,Tempered Glass
BitFenix Prodigy M 2022 ARGB,330,MicroATX Mini Tower,Black / White,Tempered Glass
Apevia Destiny Flow,84.99,ATX Mid Tower,White,Tempered Glass
Corsair iCUE 5000X RGB Shift,249.99,ATX Mid Tower,Black / Blue,Tempered Glass
Antec NX416L,99.99,ATX Mid Tower,White,Tempered Glass
Silverstone RVZ02B,123.84,HTPC,Black / Clear,Acrylic
Thermaltake Divider 300 TG Air,119.99,ATX Mid Tower,Black,Tempered Glass
Thermaltake Versa N27,200,ATX Mid Tower,Black,Acrylic
Thermaltake H550 TG ARGB,242.62,ATX Mid Tower,Black,Tempered Glass
Silverstone ALTA F1,279.99,ATX Mid Tower,Black,Tempered Glass
KOLINK Quantum,92.02,ATX Mid Tower,Black,Tempered Glass
Silverstone CS01,149.99,Mini ITX Tower,Silver,
Thermaltake H590 TG ARGB,97.84,ATX Mid Tower,Black,Tempered Glass
ADATA XPG INVADER X,169,ATX Mid Tower,White,Tempered Glass
be quiet! Silent Base 601,155.54,ATX Mid Tower,Black / Silver,
SHARKOON Rebel C50 RGB,322.76,ATX Mid Tower,White,Tempered Glass
Thermaltake Divider 300 TG Air Snow,119.99,ATX Mid Tower,White,Tempered Glass
RAIJINTEK Thetis,130.84,ATX Mid Tower,Silver,
Chieftec BT-02B-U3-250VS (230V),186,Mini ITX Tower,,
Silverstone FTZ01,192.31,Mini ITX Desktop,Silver,
Thermaltake A500,269.99,ATX Mid Tower,Silver / Black,Tempered Glass
Silverstone ALTA F1,279.8,ATX Mid Tower,Silver / Black,Tempered Glass
Silverstone CS01-HS,185.99,Mini ITX Tower,Black,
Nanoxia NXDS4B,211.36,MicroATX Mini Tower,Black,
Geometric Future Model 6,99.9,ATX Mid Tower,Black / Yellow,Tinted Tempered Glass
RAIJINTEK Metis Plus,80.53,Mini ITX Tower,White,Acrylic
Geometric Future Model 8,169.9,ATX Mid Tower,Black / Silver,Tinted Tempered Glass
RAIJINTEK Metis Plus,80.53,Mini ITX Tower,Red,Acrylic
ADATA XPG CRUISER,74.99,ATX Mid Tower,Black,Tempered Glass
RAIJINTEK PAEAN,119.9,ATX Mid Tower,Black,Tempered Glass
Azza CUBE MINI 805,299.99,Mini ITX Tower,Silver / Black,Tempered Glass
RAIJINTEK Metis Plus,80.53,Mini ITX Tower,Blue,Acrylic
RAIJINTEK METIS EVO TGS,69.99,Mini ITX Desktop,Red,Tempered Glass
Thermaltake S500,129.99,ATX Mid Tower,Black,Tempered Glass
Silverstone Lucid LD03-AF,139.99,Mini ITX Tower,Black,Tempered Glass
Streacom BC1 Mini,146.99,Mini ITX Test Bench,Red,
KOLINK Observatory Y ARGB,104.94,ATX Mid Tower,Black,Tempered Glass
Aerocool Menace Saturn RGB,82.96,ATX Mid Tower,Black,Tempered Glass
Apevia Predator,83.99,ATX Mid Tower,White,Tempered Glass
SHARKOON Rebel C70M RGB,234.58,ATX Mid Tower,Brown / Black,Mesh
Thermaltake AH T200,134.98,MicroATX Mid Tower,Turquoise / Black,Tempered Glass
Silverstone SETA A1,139.99,ATX Mid Tower,Silver / Black,Tempered Glass
Thermaltake Divider 500 TG ARGB Air,122.4,ATX Mid Tower,Black,Tempered Glass
Silverstone FARA V1M PRO,76.56,MicroATX Mid Tower,Black,Tempered Glass
GameMax Titan Silent,116.99,ATX Mid Tower,Black,
Silverstone TJ04B-E,254.05,ATX Mid Tower,Black,
RAIJINTEK METIS EVO TGS,79.99,Mini ITX Desktop,White,Tempered Glass
Thermaltake Commander C34 TG ARGB,74.98,ATX Mid Tower,Black,Tempered Glass
RAIJINTEK STYX,85.84,MicroATX Mini Tower,Red,Acrylic
GameMax Aero Mini,68.99,MicroATX Mini Tower,Black / White,Tempered Glass
Silverstone SG04B-F,119.99,MicroATX Mini Tower,Black,
Geometric Future Model 2 The ARK,239.9,MicroATX Mini Tower,Gray / Black,Tempered Glass
RAIJINTEK STYX,85.84,MicroATX Mini Tower,Blue,Acrylic
Antec Draco 10,99.02,MicroATX Mini Tower,Black,Tempered Glass
Silverstone RV05B-W,133.94,ATX Mid Tower,Black,Acrylic
Azza Zircon 7000B,169.99,ATX Full Tower,Black,Tempered Glass
Geometric Future Model 8,159.9,ATX Mid Tower,Black / Blue,Tinted Tempered Glass
SHARKOON MS-Y1000,76.48,MicroATX Mid Tower,Black,Tempered Glass
In Win 904,119.99,ATX Mid Tower,Black,Tempered Glass
Silverstone CS01-HS,199.99,Mini ITX Tower,Silver,
Deco Gear DGPCS01,84.99,ATX Mid Tower,Black,Tempered Glass
Azza Opus 809,349.99,ATX Mid Tower,Silver / Black,Tinted Tempered Glass
SHARKOON MS-Z1000,151.3,MicroATX Mid Tower,White,Tempered Glass
Silverstone SETA A1,139.93,ATX Mid Tower,Black,Tempered Glass
KOLINK Observatory Z,103.8,ATX Mid Tower,Black,Tempered Glass
Thermaltake Commander C34 TG Snow ARGB,74.96,ATX Mid Tower,White / Black,Tempered Glass
RAIJINTEK Metis Plus,80.53,Mini ITX Tower,Gold,Acrylic
Thermaltake Divider 500 TG ARGB Air Snow,164.98,ATX Mid Tower,White,Tempered Glass
RAIJINTEK PAEAN PREMIUM,219.9,ATX Mid Tower,Silver,Tempered Glass
Silverstone RV05B,104.73,ATX Mid Tower,Black,
Thermaltake Versa H25,171,ATX Mid Tower,Black,Acrylic
KOLINK Observatory Z Mesh,134.88,ATX Mid Tower,Black,Tempered Glass
GameMax Abyss TR,110,ATX Mid Tower,Black,Tempered Glass
Silverstone PM02-G,132.49,ATX Mid Tower,,Tempered Glass
Cougar Turret RGB,225.55,ATX Mid Tower,Black,Tempered Glass
Cougar DarkBlader X7,160.9,ATX Mid Tower,Black / Green,Tempered Glass
BitFenix Colossus Micro,230,MicroATX Mid Tower,Black,
RAIJINTEK STYX,85.84,MicroATX Mini Tower,Silver,Acrylic
GameMax Dragon Knight,115.99,ATX Mid Tower,Black,Acrylic
RAIJINTEK STYX,85.84,MicroATX Mini Tower,Black,Acrylic
KOLINK Unity Nexus ARGB,146.97,ATX Mid Tower,Black,Tempered Glass
Thermaltake Versa H24,179,ATX Mid Tower,Black,Acrylic
Thermaltake H700 TG,89.99,ATX Mid Tower,Black,Tempered Glass
GameMax Kreator,67.91,ATX Mid Tower,Black,Tempered Glass
RAIJINTEK STYX,85.84,MicroATX Mini Tower,Silver,
BGears b-Voguish RGB,83.99,ATX Mid Tower,Black,Tempered Glass
Thermaltake H700 TG,94.98,ATX Mid Tower,White,Tempered Glass
Chieftec BT-04B-U3-250VS (230V),123,Mini ITX Tower,Black,
Cougar MX660-T RGB,173.56,ATX Mid Tower,Black,Tempered Glass
In Win EFS712,259.99,MicroATX Mini Tower,Black,
RAIJINTEK PAN Slim,189.9,Mini ITX Desktop,Silver,
RAIJINTEK PAN Slim,189.9,Mini ITX Desktop,White,
RAIJINTEK PAN Slim,189.9,Mini ITX Desktop,Black,
